soil,rain,eto,temp,humidity,radiation,irrigation
0.444,0.49,1.916,20.61,84.99,9.58,none
0.377,0.55,2.1719999999999997,20.83,84.95,10.86,low
0.36,1.47,2.112,20.37,87.63,10.56,low
0.288,0.08,2.646,21.14,86.61,13.23,medium
0.321,0.26,2.7399999999999998,21.63,87.6,13.7,low
0.315,0.0,2.748,21.13,86.02,13.74,low
0.193,0.0,3.468,20.88,85.79,17.34,high
0.361,0.23,4.204,20.74,86.34,21.02,low
0.159,2.72,2.748,20.82,89.1,13.74,high
0.432,0.23,3.81,21.08,86.64,19.05,none
0.412,0.01,3.836,19.45,84.28,19.18,none
0.22,0.09,2.926,19.76,85.83,14.63,medium
0.316,0.06,3.4479999999999995,18.91,84.6,17.24,low
0.378,0.0,3.2079999999999997,18.99,84.62,16.04,low
0.336,0.0,4.136,18.72,84.15,20.68,low
0.438,0.0,3.8020000000000005,19.56,86.37,19.01,none
0.429,0.16,3.5380000000000003,20.56,85.61,17.69,none
0.437,0.48,3.116,19.94,85.84,15.58,none
0.152,0.04,3.55,19.59,83.34,17.75,high
0.183,0.0,3.5799999999999996,19.67,83.9,17.9,high
0.32,0.0,4.016,20.01,84.15,20.08,low
0.387,0.0,4.402,20.61,79.49,22.01,low
0.377,0.0,3.7159999999999997,21.71,79.92,18.58,low
0.436,0.0,3.364,22.28,81.9,16.82,none
0.318,0.0,3.396,21.75,85.23,16.98,low
0.381,0.0,4.082,21.21,84.9,20.41,low
0.157,0.0,4.256,20.43,84.49,21.28,high
0.274,0.0,4.038,21.45,85.71,20.19,medium
0.182,0.0,4.34,22.34,78.41,21.7,high
0.444,0.09,3.368,22.63,80.99,16.84,none
0.292,0.05,3.7119999999999997,22.35,84.63,18.56,medium
0.368,0.08,4.002000000000001,21.45,82.8,20.01,low
0.335,0.0,4.138,21.93,84.33,20.69,low
0.197,0.0,3.832,22.31,84.11,19.16,high
0.372,0.26,2.382,21.62,83.27,11.91,low
0.444,1.29,2.256,20.96,83.44,11.28,none
0.251,1.82,2.3440000000000003,21.14,85.59,11.72,medium
0.437,0.02,3.868,22.52,85.19,19.34,none
0.237,0.0,3.7159999999999997,22.69,84.02,18.58,medium
0.273,0.01,3.71,22.56,84.32,18.55,medium
0.41,0.06,2.928,22.16,85.32,14.64,none
0.199,0.09,3.2840000000000003,22.4,84.15,16.42,high
0.277,0.28,2.968,22.57,84.12,14.84,medium
0.215,0.24,2.666,22.93,85.31,13.33,medium
0.254,0.39,2.2760000000000002,23.11,83.1,11.38,medium
0.275,0.33,2.442,22.93,83.34,12.21,medium
0.272,2.33,3.4240000000000004,23.12,84.39,17.12,medium
0.154,8.04,3.564,22.63,90.54,17.82,high
0.25,0.18,3.522,23.28,85.15,17.61,medium
0.417,0.0,3.652,23.76,79.24,18.26,none
0.299,0.07,3.21,23.47,81.35,16.05,medium
0.226,0.06,3.6700000000000004,20.82,79.8,18.35,medium
0.174,0.0,3.626,19.99,79.83,18.13,high
0.261,0.0,3.2979999999999996,19.15,79.59,16.49,medium
0.173,0.0,2.21,19.27,80.4,11.05,high
0.434,0.03,2.254,21.05,80.27,11.27,none
0.349,0.08,2.816,21.52,83.14,14.08,low
0.185,0.09,3.022,21.9,81.33,15.11,high
0.17,0.0,3.6060000000000003,22.13,81.77,18.03,high
0.301,0.0,4.41,22.65,81.04,22.05,low
0.166,0.0,3.138,22.45,81.46,15.69,high
0.208,0.0,4.298,22.92,80.23,21.49,medium
0.292,0.01,4.88,23.14,79.4,24.4,medium
0.379,0.0,4.279999999999999,23.41,80.46,21.4,low
0.213,0.0,4.5920000000000005,23.71,79.07,22.96,medium
0.171,0.01,4.732,23.04,76.18,23.66,high
0.18,0.05,3.0,22.19,78.84,15.0,high
0.416,0.0,5.01,20.89,72.55,25.05,none
0.421,0.0,4.568,20.49,73.95,22.84,none
0.343,0.0,5.09,21.37,76.86,25.45,low
0.374,0.0,2.408,22.02,79.02,12.04,low
0.314,0.0,3.9619999999999997,23.82,78.69,19.81,low
0.437,0.0,4.582,25.13,76.65,22.91,none
0.288,0.0,4.04,24.2,77.68,20.2,medium
0.36,0.07,4.474,24.33,75.1,22.37,low
0.198,0.24,4.5920000000000005,24.4,73.83,22.96,high
0.17,1.98,4.068,24.9,75.16,20.34,high
0.251,0.84,4.526,24.61,76.53,22.63,medium
0.22,6.77,3.3840000000000003,24.21,79.87,16.92,medium
0.302,6.33,3.696,23.71,84.9,18.48,low
0.278,0.43,3.8020000000000005,24.54,79.19,19.01,medium
0.319,1.58,3.7520000000000002,24.84,78.4,18.76,low
0.318,3.81,4.378,24.95,81.37,21.89,low
0.289,4.81,4.678,25.48,81.75,23.39,medium
0.402,0.0,4.5280000000000005,25.44,80.54,22.64,none
0.332,0.01,4.426,26.2,76.75,22.13,low
0.245,0.0,4.478,25.05,74.5,22.39,medium
0.26,0.07,4.066,24.0,76.77,20.33,medium
0.163,29.13,2.794,22.57,85.58,13.97,high
0.281,17.98,1.4220000000000002,21.87,95.12,7.11,medium
0.436,8.6,2.84,23.78,87.62,14.2,none
0.296,2.27,3.198,22.93,84.92,15.99,medium
0.164,0.14,2.3280000000000003,21.41,79.91,11.64,high
0.399,2.69,1.9280000000000002,22.05,82.87,9.64,low
0.358,6.24,1.8359999999999999,22.76,84.94,9.18,low
0.228,1.53,2.416,23.27,80.97,12.08,medium
0.277,0.0,3.232,21.89,77.02,16.16,medium
0.321,0.0,4.74,21.72,75.58,23.7,low
0.359,0.0,4.848,22.38,74.33,24.24,low
0.199,0.0,4.686,23.34,73.38,23.43,high
0.17,0.02,4.702,24.51,75.33,23.51,high
0.264,0.07,3.8979999999999997,25.62,75.53,19.49,medium
0.404,0.04,3.944,26.29,74.17,19.72,none
0.15,0.27,2.816,26.38,75.57,14.08,high
0.309,1.01,3.44,24.93,81.11,17.2,low
0.322,1.72,2.852,24.89,78.84,14.26,low
0.338,0.0,3.942,24.89,74.96,19.71,low
0.385,0.0,4.454,23.84,73.07,22.27,low
0.186,0.0,4.656000000000001,23.72,74.38,23.28,high
0.335,0.03,3.162,24.61,74.03,15.81,low
0.236,0.0,4.162,25.41,72.51,20.81,medium
0.351,0.0,4.506,26.21,70.04,22.53,low
0.302,0.62,4.402,26.84,68.74,22.01,low
0.249,3.87,4.346,25.81,77.88,21.73,medium
0.353,0.0,4.394,26.83,72.42,21.97,low
0.236,0.0,4.1579999999999995,27.25,72.24,20.79,medium
0.306,0.0,4.4,27.78,70.34,22.0,low
0.436,0.99,4.286,26.28,72.0,21.43,none
0.223,26.81,1.8,23.78,86.22,9.0,medium
0.167,17.51,2.924,24.0,91.16,14.62,high
0.183,9.97,3.278,24.64,86.17,16.39,high
0.283,7.54,3.432,24.75,85.47,17.16,medium
0.242,1.5,2.4899999999999998,22.46,93.56,12.45,medium
0.2,0.05,3.054,23.49,90.12,15.27,medium
0.167,0.08,3.2640000000000002,25.11,80.92,16.32,high
0.306,0.12,4.768,24.67,78.69,23.84,low
0.422,0.68,3.6439999999999997,24.68,78.98,18.22,none
0.319,1.87,2.9739999999999998,24.82,80.77,14.87,low
0.255,0.2,4.396,25.71,75.06,21.98,medium
0.362,0.15,4.488,26.54,72.94,22.44,low
0.163,3.35,3.3899999999999997,25.89,81.76,16.95,high
0.223,1.2,3.482,25.24,85.33,17.41,medium
0.271,0.35,4.064,26.13,79.84,20.32,medium
0.266,1.16,4.214,26.21,80.98,21.07,medium
0.277,1.84,3.902,26.29,80.5,19.51,medium
0.196,14.23,3.482,25.29,88.27,17.41,high
0.411,12.69,3.2020000000000004,25.22,83.59,16.01,none
0.175,9.81,3.2479999999999998,24.1,88.48,16.24,high
0.289,17.83,3.4899999999999998,23.99,90.81,17.45,medium
0.235,15.64,4.102,24.19,87.63,20.51,medium
0.322,17.04,3.8579999999999997,24.45,86.97,19.29,low
0.362,21.16,3.7880000000000003,23.05,92.56,18.94,low
0.16,4.79,2.8120000000000003,22.92,87.56,14.06,high
0.243,1.93,4.09,23.73,85.7,20.45,medium
0.176,1.34,3.316,24.3,83.72,16.58,high
0.444,9.3,2.1079999999999997,23.02,93.66,10.54,none
0.224,12.19,2.732,22.94,92.14,13.66,medium
0.33,5.93,3.154,22.28,89.01,15.77,low
0.426,9.11,3.6979999999999995,23.85,87.37,18.49,none
0.237,0.5,3.914,24.34,87.47,19.57,medium
0.243,1.78,3.152,25.19,82.94,15.76,medium
0.192,10.88,3.568,24.87,91.01,17.84,high
0.257,18.14,4.008,23.9,95.48,20.04,medium
0.233,5.97,4.470000000000001,23.69,91.29,22.35,medium
0.377,9.49,4.502000000000001,23.97,83.27,22.51,low
0.387,26.73,4.706,23.76,88.88,23.53,low
0.323,0.0,4.384,24.98,85.73,21.92,low
0.235,0.37,3.9659999999999997,24.09,88.16,19.83,medium
0.42,2.06,4.144,23.79,89.2,20.72,none
0.346,0.08,4.702,25.0,82.91,23.51,low
0.222,1.96,4.046,24.36,89.06,20.23,medium
0.308,3.3,4.426,24.45,88.69,22.13,low
0.401,15.99,3.78,24.59,90.32,18.9,none
0.226,0.0,4.4719999999999995,24.78,85.57,22.36,medium
0.175,4.66,4.102,25.17,85.67,20.51,high
0.382,7.41,3.692,24.76,90.16,18.46,low
0.246,0.24,4.132,24.15,88.32,20.66,medium
0.265,0.01,4.284000000000001,24.74,87.53,21.42,medium
0.361,0.03,3.8280000000000003,24.56,86.66,19.14,low
0.411,0.02,4.2780000000000005,24.59,86.87,21.39,none
0.393,0.02,4.3,24.86,84.05,21.5,low
0.391,5.61,3.8579999999999997,24.12,87.94,19.29,low
0.445,15.21,4.086,24.04,86.28,20.43,none
0.343,3.13,3.152,24.28,85.53,15.76,low
0.238,34.71,3.8020000000000005,23.74,92.09,19.01,medium
0.254,17.67,3.688,24.34,89.04,18.44,medium
0.356,1.79,4.1659999999999995,25.3,84.57,20.83,low
0.242,0.05,4.162,25.25,86.19,20.81,medium
0.174,1.95,3.722,24.57,89.79,18.61,high
0.17,7.88,3.2060000000000004,23.98,94.16,16.03,high
0.238,8.6,2.686,23.44,93.79,13.43,medium
0.228,2.68,2.18,23.05,89.94,10.9,medium
0.228,6.25,3.21,23.28,88.15,16.05,medium
0.422,1.44,3.7299999999999995,24.11,86.96,18.65,none
0.26,3.41,3.7640000000000002,24.29,90.18,18.82,medium
0.214,12.98,3.94,23.55,91.99,19.7,medium
0.159,4.33,3.62,23.9,92.85,18.1,high
0.164,5.48,3.558,24.26,91.68,17.79,high
0.232,18.49,3.2,23.85,93.8,16.0,medium
0.365,16.13,2.59,22.34,94.33,12.95,low
0.23,6.49,2.56,23.16,90.45,12.8,medium
0.275,27.5,2.1260000000000003,22.99,93.24,10.63,medium
0.283,38.2,2.2359999999999998,23.25,92.89,11.18,medium
0.378,15.06,2.23,22.82,91.21,11.15,low
0.359,8.64,2.82,23.6,90.47,14.1,low
0.439,3.26,3.468,24.66,87.21,17.34,none
0.216,8.39,3.688,24.32,91.85,18.44,medium
0.254,2.83,3.8280000000000003,24.05,90.65,19.14,medium
0.253,1.28,3.658,24.17,90.24,18.29,medium
0.162,3.3,2.888,23.76,92.17,14.44,high
0.323,18.02,2.346,22.78,94.12,11.73,low
0.278,31.44,3.308,22.65,91.64,16.54,medium
0.253,0.49,4.056,23.8,87.6,20.28,medium
0.262,0.01,4.18,24.46,82.5,20.9,medium
0.434,0.0,4.578,24.91,78.48,22.89,none
0.174,1.97,4.15,24.89,84.05,20.75,high
0.18,23.42,3.772,23.87,90.28,18.86,high
0.288,8.95,3.468,24.55,84.17,17.34,medium
0.263,0.55,3.846,24.58,86.41,19.23,medium
0.439,4.14,3.624,24.76,89.46,18.12,none
0.154,9.6,3.428,23.89,93.41,17.14,high
0.419,25.69,3.4579999999999997,24.05,91.75,17.29,none
0.363,45.09,3.66,23.44,91.32,18.3,low
0.359,2.28,3.7920000000000003,23.76,87.86,18.96,low
0.421,8.18,2.854,23.51,93.23,14.27,none
0.311,4.84,3.2880000000000003,23.79,92.15,16.44,low
0.373,12.02,3.048,22.84,93.06,15.24,low
0.302,29.1,3.232,22.84,92.41,16.16,low
0.225,29.31,1.938,22.87,92.89,9.69,medium
0.352,54.43,1.3439999999999999,22.63,93.38,6.72,low
0.363,20.57,1.904,21.89,91.39,9.52,low
0.321,19.51,2.7800000000000002,23.39,90.39,13.9,low
0.157,14.49,2.848,22.97,89.31,14.24,high
0.442,0.21,3.896,23.68,85.54,19.48,none
0.221,3.13,4.006,23.66,89.42,20.03,medium
0.444,18.37,3.476,23.65,91.48,17.38,none
0.298,6.24,2.034,23.58,90.22,10.17,medium
0.199,5.1,4.1,23.57,88.85,20.5,high
0.217,2.03,3.7020000000000004,23.62,90.18,18.51,medium
0.397,2.84,3.8840000000000003,23.61,88.88,19.42,low
0.158,24.71,3.12,23.09,94.82,15.6,high
0.323,36.58,3.056,23.11,92.85,15.28,low
0.339,7.09,3.97,23.96,90.5,19.85,low
0.279,2.58,4.13,23.95,90.12,20.65,medium
0.435,5.26,3.946,23.68,92.73,19.73,none
0.434,6.6,4.582,24.35,87.98,22.91,none
0.157,1.0,3.034,23.5,87.7,15.17,high
0.161,2.79,3.806,23.55,87.18,19.03,high
0.348,6.95,4.678,24.34,85.58,23.39,low
0.189,1.28,3.128,24.06,83.54,15.64,high
0.371,7.59,3.596,23.4,92.68,17.98,low
0.174,2.22,4.26,24.84,82.84,21.3,high
0.175,1.79,4.372,25.05,85.69,21.86,high
0.307,0.84,3.968,25.42,86.16,19.84,low
0.311,22.97,3.776,24.91,89.52,18.88,low
0.363,22.7,3.976,24.23,92.87,19.88,low
0.175,1.92,4.288,24.13,90.28,21.44,high
0.233,14.57,3.17,23.3,91.81,15.85,medium
0.224,11.93,2.622,22.42,93.56,13.11,medium
0.268,41.01,2.516,22.88,93.56,12.58,medium
0.281,12.5,3.3259999999999996,23.26,89.11,16.63,medium
0.305,1.73,3.938,24.25,89.29,19.69,low
0.338,2.03,4.192,24.24,85.47,20.96,low
0.405,4.81,3.718,23.79,85.59,18.59,none
0.211,4.55,3.4939999999999998,24.73,85.01,17.47,medium
0.446,2.85,4.01,24.77,86.02,20.05,none
0.419,24.91,3.178,23.78,91.42,15.89,none
0.386,46.88,3.2380000000000004,22.99,91.39,16.19,low
0.22,8.69,3.096,23.49,90.07,15.48,medium
0.328,11.0,3.7479999999999998,23.35,91.51,18.74,low
0.382,5.47,3.254,23.23,89.49,16.27,low
0.319,1.86,3.5159999999999996,23.58,89.54,17.58,low
0.39,6.89,3.196,22.56,92.88,15.98,low
0.345,11.93,3.13,23.61,90.81,15.65,low
0.237,10.81,2.716,23.3,92.69,13.58,medium
0.171,1.88,3.3299999999999996,23.67,87.88,16.65,high
0.292,7.89,3.47,23.58,89.66,17.35,medium
0.244,56.86,2.218,23.03,94.59,11.09,medium
0.301,2.25,2.686,22.77,91.58,13.43,low
0.353,11.61,1.672,21.88,93.34,8.36,low
0.236,25.24,2.494,22.51,91.88,12.47,medium
0.378,0.98,3.2119999999999997,23.42,88.59,16.06,low
0.283,2.26,3.432,23.36,89.34,17.16,medium
0.203,0.99,2.426,23.59,89.94,12.13,medium
0.423,6.22,3.804,23.77,90.29,19.02,none
0.439,3.87,3.53,23.13,90.79,17.65,none
0.22,11.48,2.5100000000000002,22.5,91.5,12.55,medium
0.359,1.18,3.176,22.9,88.24,15.88,low
0.177,2.5,3.6479999999999997,22.43,88.38,18.24,high
0.264,1.96,3.35,22.77,84.89,16.75,medium
0.399,15.55,2.074,22.77,89.69,10.37,low
0.19,3.89,3.1719999999999997,22.35,91.13,15.86,high
0.424,22.24,1.64,21.84,92.48,8.2,none
0.265,12.13,0.8099999999999999,22.48,96.98,4.05,medium
0.241,5.74,2.558,23.11,89.63,12.79,medium
0.312,4.89,1.392,21.81,91.07,6.96,low
0.2,24.62,0.8300000000000001,20.19,95.43,4.15,medium
0.209,0.82,3.19,23.12,84.7,15.95,medium
0.34,4.09,3.44,23.78,86.79,17.2,low
0.442,2.13,3.048,22.38,84.71,15.24,none
0.323,0.77,3.938,22.38,84.56,19.69,low
0.221,2.37,3.6060000000000003,23.31,87.72,18.03,medium
0.323,0.12,2.162,23.57,86.74,10.81,low
0.203,0.0,3.596,23.14,86.37,17.98,medium
0.284,0.29,3.646,22.83,88.19,18.23,medium
0.194,3.18,2.3579999999999997,22.85,92.91,11.79,high
0.275,1.24,3.3920000000000003,23.26,84.17,16.96,medium
0.292,2.2,2.54,22.34,93.25,12.7,medium
0.256,4.29,3.1399999999999997,22.49,90.9,15.7,medium
0.174,43.49,0.704,22.19,96.8,3.52,high
0.324,0.54,2.338,22.32,87.61,11.69,low
0.219,0.66,2.1260000000000003,22.21,88.66,10.63,medium
0.419,0.0,2.32,21.93,88.63,11.6,none
0.411,0.0,3.964,21.66,85.84,19.82,none
0.3,0.0,3.636,21.83,79.51,18.18,low
0.314,0.02,3.406,21.85,84.87,17.03,low
0.206,1.29,2.4539999999999997,22.18,87.65,12.27,medium
0.423,2.14,2.18,21.94,89.16,10.9,none
0.398,0.01,2.948,20.78,87.6,14.74,low
0.338,0.02,3.4,21.37,84.33,17.0,low
0.395,0.0,3.4219999999999997,21.89,85.29,17.11,low
0.161,0.0,3.8259999999999996,22.13,84.9,19.13,high
0.298,0.06,3.3299999999999996,22.64,89.28,16.65,medium
0.343,0.2,2.588,22.75,87.57,12.94,low
0.41,0.57,3.106,22.17,90.02,15.53,none
0.265,9.92,1.1960000000000002,22.61,93.21,5.98,medium
0.379,9.89,1.51,22.49,96.3,7.55,low
0.265,1.17,3.02,22.4,91.18,15.1,medium
0.163,0.35,2.714,23.01,89.86,13.57,high
0.38,0.27,3.1100000000000003,23.01,85.83,15.55,low
0.404,0.91,2.83,23.05,88.28,14.15,none
0.176,0.67,2.716,22.77,89.56,13.58,high
0.397,17.19,1.518,21.65,93.76,7.59,low
0.263,24.67,0.716,22.02,95.84,3.58,medium
0.224,3.42,1.448,22.88,94.92,7.24,medium
0.448,19.42,0.958,22.5,96.06,4.79,none
0.152,3.63,2.456,23.51,87.91,12.28,high
0.427,1.41,2.894,23.0,88.69,14.47,none
0.363,1.26,2.894,22.44,89.68,14.47,low
0.298,6.69,2.3760000000000003,22.22,91.52,11.88,medium
0.442,1.26,3.138,22.95,88.98,15.69,none
0.43,0.01,3.63,22.81,87.91,18.15,none
0.328,0.01,3.9299999999999997,22.72,85.61,19.65,low
0.17,0.04,3.018,22.58,90.28,15.09,high
0.226,0.39,3.074,22.8,87.89,15.37,medium
0.382,13.4,1.802,21.58,88.72,9.01,low
0.184,12.4,1.324,20.96,92.27,6.62,high
0.21,23.63,1.584,20.59,93.72,7.92,medium
0.446,5.2,2.298,21.3,92.96,11.49,none
0.364,8.89,1.78,22.01,91.99,8.9,low
0.2,18.3,1.1640000000000001,21.76,94.89,5.82,medium
0.38,6.1,3.022,22.76,90.93,15.11,low
0.236,3.21,2.93,21.51,88.34,14.65,medium
0.395,0.95,3.012,20.46,89.45,15.06,low
0.174,7.56,3.3,20.29,87.43,16.5,high
0.415,58.67,2.324,19.03,89.95,11.62,none
0.188,0.01,3.446,17.83,85.57,17.23,high
0.329,0.0,2.274,17.92,86.1,11.37,low
0.33,0.01,2.564,19.31,87.2,12.82,low
0.328,0.19,2.356,21.12,88.57,11.78,low
0.44,0.75,1.966,21.4,88.05,9.83,none
0.204,1.17,1.668,17.76,85.44,8.34,medium
0.348,0.09,2.024,18.36,85.28,10.12,low
0.194,0.02,2.408,20.42,86.89,12.04,high
0.448,0.16,2.424,21.08,86.37,12.12,none
0.167,0.04,2.894,19.55,85.12,14.47,high
0.267,0.01,2.842,17.34,84.24,14.21,medium
0.416,0.1,2.696,17.09,85.22,13.48,none
0.375,0.0,2.862,16.89,84.01,14.31,low
0.434,0.03,3.344,17.76,86.48,16.72,none
0.281,0.13,2.758,18.08,85.81,13.79,medium
0.218,0.25,3.7359999999999998,18.88,87.05,18.68,medium
0.405,0.83,3.4,19.58,87.47,17.0,none
0.238,0.05,2.5260000000000002,19.47,84.25,12.63,medium
0.219,0.04,1.7260000000000002,18.22,85.35,8.63,medium
0.332,0.13,1.764,19.02,86.23,8.82,low
0.313,0.32,1.736,19.96,88.51,8.68,low
0.167,0.7,1.92,19.69,88.91,9.6,high
0.428,1.36,1.392,19.94,90.03,6.96,none
0.269,3.86,0.8119999999999999,19.79,92.83,4.06,medium
0.357,6.9,1.3439999999999999,18.73,93.15,6.72,low
0.191,5.8,0.876,18.44,92.52,4.38,high
0.369,4.0,1.73,19.7,93.96,8.65,low
0.414,9.96,1.44,21.24,92.69,7.2,none
0.171,4.97,1.7100000000000002,21.19,91.66,8.55,high
0.162,4.86,2.738,21.65,89.29,13.69,high
0.172,2.12,2.966,22.44,88.73,14.83,high
0.18,0.5,2.836,23.28,88.05,14.18,high
0.335,0.51,3.836,23.27,88.28,19.18,low
0.415,0.0,4.192,22.16,82.83,20.96,none
0.439,0.06,4.182,19.99,84.28,20.91,none
0.444,0.25,2.6239999999999997,19.95,84.5,13.12,none
0.425,0.06,2.0300000000000002,19.15,83.0,10.15,none
0.411,0.22,2.402,18.36,85.55,12.01,none
0.334,0.0,2.076,19.61,83.67,10.38,low
0.444,0.0,2.31,20.38,85.52,11.55,none
0.358,0.0,2.9059999999999997,21.79,86.85,14.53,low
0.449,0.06,2.7199999999999998,22.13,86.38,13.6,none
0.37,1.29,2.784,21.15,85.47,13.92,low
0.442,0.5,2.238,18.28,82.34,11.19,none
0.158,0.0,3.136,19.53,84.8,15.68,high
0.436,0.26,2.206,20.38,84.68,11.03,none
0.394,0.5,2.02,18.44,81.53,10.1,low
0.259,0.1,1.542,17.01,82.73,7.71,medium
0.159,0.0,3.6340000000000003,17.08,81.89,18.17,high
0.269,0.0,3.594,19.41,84.91,17.97,medium
0.295,0.06,2.782,21.56,86.73,13.91,medium
0.379,0.31,2.006,22.69,86.57,10.03,low
0.3,0.04,3.1559999999999997,22.5,84.77,15.78,low
0.259,0.13,3.478,22.03,85.61,17.39,medium
0.315,0.0,3.69,21.69,84.32,18.45,low
0.45,0.0,3.914,22.04,84.01,19.57,none
0.225,0.0,4.1240000000000006,22.5,83.71,20.62,medium
0.421,0.0,3.47,22.55,85.18,17.35,none
0.377,0.0,3.8240000000000003,22.61,84.55,19.12,low
0.446,0.0,4.294,21.67,83.1,21.47,none
0.362,0.0,4.386,20.83,81.2,21.93,low
0.424,0.0,3.8600000000000003,22.32,82.44,19.3,none
0.307,0.0,4.206,22.8,77.63,21.03,low
0.236,0.14,3.9479999999999995,22.73,76.88,19.74,medium
0.404,0.8,2.94,21.1,83.04,14.7,none
0.444,0.85,3.4299999999999997,20.25,82.33,17.15,none
0.286,0.64,2.524,21.23,83.36,12.62,medium
0.326,0.08,2.272,21.57,83.24,11.36,low
0.36,0.06,2.596,21.26,82.75,12.98,low
0.275,0.17,2.8120000000000003,20.41,81.7,14.06,medium
0.171,0.16,2.968,20.15,82.81,14.84,high
0.391,0.32,2.532,20.52,82.34,12.66,low
0.429,0.19,3.87,20.41,81.78,19.35,none
0.405,0.0,4.318,19.2,78.51,21.59,none
0.162,0.23,2.992,19.03,79.93,14.96,high
0.206,0.74,2.992,18.95,80.33,14.96,medium
0.245,0.85,2.262,20.33,82.75,11.31,medium
0.407,0.94,2.162,21.07,83.39,10.81,none
0.38,0.23,3.2700000000000005,20.73,81.54,16.35,low
0.166,0.15,2.848,19.47,78.79,14.24,high
0.156,0.02,4.002000000000001,19.9,79.22,20.01,high
0.409,0.09,3.5119999999999996,19.36,77.78,17.56,none
0.163,0.13,3.902,19.15,79.1,19.51,high
0.338,0.03,4.4479999999999995,19.36,80.25,22.24,low
0.359,0.02,4.704,19.39,79.18,23.52,low
0.295,0.0,5.1899999999999995,19.12,78.15,25.95,medium
0.304,0.04,4.578,19.21,81.19,22.89,low
0.383,0.02,4.632,19.85,79.88,23.16,low
0.421,0.0,4.66,19.91,77.77,23.3,none
0.15,0.08,4.4399999999999995,19.81,80.49,22.2,high
0.41,0.38,3.274,20.28,79.77,16.37,none
0.444,0.15,4.228,20.49,78.46,21.14,none
0.218,0.04,5.024,21.15,78.39,25.12,medium
0.357,0.15,4.474,21.68,79.73,22.37,low
0.279,0.0,5.054,22.19,76.56,25.27,medium
0.202,0.0,5.014,22.25,76.54,25.07,medium
0.257,0.0,5.1240000000000006,23.29,78.07,25.62,medium
0.193,0.0,4.866,23.8,75.36,24.33,high
0.277,0.0,4.862,24.91,70.07,24.31,medium
0.391,0.0,4.7219999999999995,25.96,69.0,23.61,low
0.161,0.0,4.58,26.36,70.23,22.9,high
0.449,0.0,4.442,25.78,76.18,22.21,none
0.425,0.01,4.736,26.2,71.85,23.68,none
0.374,0.03,4.346,26.07,73.55,21.73,low
0.417,0.0,5.082,25.64,74.47,25.41,none
0.3,0.07,4.164,24.41,75.87,20.82,low
0.391,0.31,4.4479999999999995,23.91,75.07,22.24,low
0.327,0.12,4.506,24.18,75.03,22.53,low
0.239,0.04,4.276,24.68,75.13,21.38,medium
0.279,0.0,4.184,25.26,74.63,20.92,medium
0.368,0.0,4.13,25.47,73.56,20.65,low
0.178,0.0,4.098,25.82,73.41,20.49,high
0.261,0.0,4.506,26.51,72.06,22.53,medium
0.181,0.01,4.08,25.82,78.14,20.4,high
0.333,0.05,4.51,26.21,74.87,22.55,low
0.445,0.05,5.262,25.33,69.9,26.31,none
0.257,0.05,4.514,24.13,74.42,22.57,medium
0.377,0.0,3.372,24.79,75.78,16.86,low
0.23,0.03,3.818,25.52,74.88,19.09,medium
0.163,0.1,3.386,26.45,72.02,16.93,high
0.314,0.3,3.9200000000000004,26.76,73.8,19.6,low
0.318,0.23,4.068,26.95,73.07,20.34,low
0.208,0.37,3.6060000000000003,27.4,75.06,18.03,medium
0.196,0.88,2.994,26.53,81.23,14.97,high
0.312,0.42,3.276,26.17,78.52,16.38,low
0.161,0.13,3.75,27.08,72.27,18.75,high
0.349,0.0,3.902,27.2,72.71,19.51,low
0.371,0.0,4.036,27.4,71.87,20.18,low
0.335,0.0,4.186,27.38,70.5,20.93,low
0.155,0.88,4.215999999999999,27.66,71.36,21.08,high
0.348,2.46,4.168,27.57,74.78,20.84,low
0.219,0.09,5.004,26.98,68.92,25.02,medium
0.32,0.93,4.872,26.32,66.93,24.36,low
0.364,0.01,4.906000000000001,25.92,67.95,24.53,low
0.336,0.14,3.7560000000000002,25.87,70.43,18.78,low
0.187,0.09,3.7939999999999996,25.96,72.93,18.97,high
0.446,0.05,4.36,26.37,69.22,21.8,none
0.181,0.01,4.572,26.43,65.16,22.86,high
0.269,0.04,3.9200000000000004,26.39,71.19,19.6,medium
0.226,0.0,4.516,26.32,69.02,22.58,medium
0.276,0.02,4.418,26.44,67.61,22.09,medium
0.317,0.11,4.326,27.53,66.43,21.63,low
0.343,0.03,5.098,27.63,65.2,25.49,low
0.346,0.0,4.192,28.8,63.54,20.96,low
0.19,0.0,4.34,29.27,66.44,21.7,high
0.428,4.69,3.896,27.01,75.05,19.48,none
0.248,12.59,2.1420000000000003,27.1,77.39,10.71,medium
0.296,9.68,2.7,25.41,85.28,13.5,medium
0.405,5.08,3.7,25.19,84.27,18.5,none
0.345,19.56,3.5020000000000002,25.16,87.71,17.51,low
0.281,7.34,3.882,25.13,86.78,19.41,medium
0.236,5.72,4.258,26.14,80.09,21.29,medium
0.22,16.25,3.4200000000000004,25.15,90.32,17.1,medium
0.243,15.48,4.224,25.08,88.21,21.12,medium
0.33,16.93,3.5140000000000002,24.12,92.85,17.57,low
0.379,4.25,3.964,24.43,91.4,19.82,low
0.375,3.23,4.01,24.71,89.51,20.05,low
0.34,1.84,4.2700000000000005,25.35,85.27,21.35,low
0.301,27.63,3.4899999999999998,25.23,88.79,17.45,low
0.157,5.22,4.2,25.31,86.38,21.0,high
0.267,0.36,4.668,25.19,82.8,23.34,medium
0.448,0.72,4.6240000000000006,25.46,80.72,23.12,none
0.35,2.86,3.838,25.43,82.74,19.19,low
0.369,18.34,2.7079999999999997,24.35,89.41,13.54,low
0.307,6.88,3.5520000000000005,24.56,88.37,17.76,low
0.407,17.95,3.114,23.98,92.15,15.57,none
0.45,25.25,3.594,24.46,87.86,17.97,none
0.234,12.46,3.474,24.84,86.64,17.37,medium
0.417,7.84,4.054,24.13,87.89,20.27,none
0.322,6.07,3.628,24.69,89.96,18.14,low
0.384,5.51,3.5520000000000005,24.45,89.84,17.76,low
0.379,6.56,3.6,24.7,88.72,18.0,low
0.19,9.42,3.604,24.99,90.49,18.02,high
0.349,10.89,3.2299999999999995,24.49,89.43,16.15,low
0.182,17.24,3.5,24.34,90.03,17.5,high
0.329,16.02,3.5439999999999996,23.11,94.48,17.72,low
0.386,4.38,3.184,23.44,94.1,15.92,low
0.15,0.8,3.492,23.89,87.63,17.46,high
0.354,6.43,3.504,23.79,90.91,17.52,low
0.403,15.48,3.054,24.11,91.08,15.27,none
0.229,6.28,3.276,23.72,89.57,16.38,medium
0.362,10.45,2.996,24.23,88.97,14.98,low
0.302,6.69,3.05,23.69,89.35,15.25,low
0.296,1.16,3.808,24.41,86.65,19.04,medium
0.236,1.28,3.2659999999999996,24.64,88.06,16.33,medium
0.205,2.48,3.368,24.54,92.67,16.84,medium
0.404,1.2,3.436,24.44,88.0,17.18,none
0.306,3.09,3.7600000000000002,23.65,89.61,18.8,low
0.177,0.64,4.386,24.84,86.66,21.93,high
0.238,0.12,4.132,24.9,85.63,20.66,medium
0.374,1.22,3.908,24.58,88.14,19.54,low
0.365,5.87,3.4560000000000004,24.44,89.13,17.28,low
0.153,0.67,4.156000000000001,25.3,86.06,20.78,high
0.232,2.87,4.14,23.85,93.77,20.7,medium
0.266,6.05,4.134,24.68,88.42,20.67,medium
0.218,3.92,3.912,25.02,86.42,19.56,medium
0.244,9.28,3.746,24.37,91.31,18.73,medium
0.326,2.71,3.9899999999999998,25.55,83.7,19.95,low
0.382,22.68,3.562,24.16,93.4,17.81,low
0.302,39.75,3.098,24.34,91.13,15.49,low
0.32,7.8,3.3520000000000003,24.34,90.12,16.76,low
0.399,0.77,3.628,24.37,87.87,18.14,low
0.226,0.01,3.814,24.46,86.61,19.07,medium
0.323,0.57,3.4880000000000004,24.83,85.41,17.44,low
0.314,2.48,3.5119999999999996,24.58,88.24,17.56,low
0.279,0.48,4.0520000000000005,24.91,84.5,20.26,medium
0.187,5.66,4.146,25.21,85.9,20.73,high
0.254,17.69,3.9200000000000004,25.23,85.3,19.6,medium
0.254,13.45,3.59,25.02,85.9,17.95,medium
0.214,0.94,4.343999999999999,25.33,84.1,21.72,medium
0.438,6.17,3.814,24.81,90.13,19.07,none
0.224,13.89,4.0920000000000005,24.67,89.88,20.46,medium
0.264,1.03,3.7520000000000002,24.9,89.39,18.76,medium
0.272,15.45,3.444,23.55,95.09,17.22,medium
0.263,28.76,2.356,23.58,93.16,11.78,medium
0.395,49.86,2.1100000000000003,22.57,94.22,10.55,low
0.162,27.73,2.316,23.67,91.85,11.58,high
0.192,5.17,2.898,23.55,88.31,14.49,high
0.429,1.37,2.658,23.94,89.15,13.29,none
0.223,5.15,3.002,23.49,91.8,15.01,medium
0.213,17.67,3.66,24.74,89.01,18.3,medium
0.15,12.99,3.226,24.31,90.64,16.13,high
0.324,28.19,3.09,24.23,90.29,15.45,low
0.264,36.3,2.926,23.67,91.17,14.63,medium
0.261,23.05,2.952,23.94,90.16,14.76,medium
0.358,11.71,2.44,23.66,91.58,12.2,low
0.371,40.33,2.154,23.45,96.12,10.77,low
0.224,22.17,3.106,23.74,94.12,15.53,medium
0.405,15.22,2.558,23.79,94.61,12.79,none
0.21,8.64,2.4579999999999997,23.57,91.21,12.29,medium
0.297,89.27,2.6260000000000003,23.36,92.62,13.13,medium
0.194,7.44,2.7,22.57,92.42,13.5,high
0.182,11.14,1.7079999999999997,23.06,90.74,8.54,high
0.396,16.9,3.66,24.15,88.66,18.3,low
0.376,11.21,3.54,23.29,88.03,17.7,low
0.296,0.97,4.086,24.17,86.53,20.43,medium
0.348,1.75,4.068,24.32,88.3,20.34,low
0.415,0.36,3.886,24.77,85.74,19.43,none
0.372,0.42,3.996,24.52,85.24,19.98,low
0.282,0.11,4.014,24.4,84.93,20.07,medium
0.274,0.01,4.524,25.11,86.08,22.62,medium
0.348,0.76,4.406000000000001,25.17,86.95,22.03,low
0.441,4.39,3.8899999999999997,24.38,90.66,19.45,none
0.187,10.87,3.836,24.29,91.2,19.18,high
0.2,6.78,3.914,24.62,90.05,19.57,medium
0.414,6.47,3.7960000000000003,24.53,91.96,18.98,none
0.338,0.73,4.18,25.04,86.87,20.9,low
0.179,2.18,4.118,24.92,88.71,20.59,high
0.214,1.06,3.7939999999999996,24.75,89.47,18.97,medium
0.295,8.78,3.4259999999999997,25.35,85.44,17.13,medium
0.247,33.89,2.782,24.75,89.89,13.91,medium
0.397,7.37,3.7640000000000002,24.24,88.48,18.82,low
0.291,3.0,4.114,24.36,85.42,20.57,medium
0.296,5.0,3.9539999999999997,24.11,88.25,19.77,medium
0.206,5.39,4.616,24.1,87.12,23.08,medium
0.349,0.24,3.9479999999999995,24.41,88.39,19.74,low
0.445,16.46,3.942,24.1,92.37,19.71,none
0.333,1.46,3.3200000000000003,23.99,88.37,16.6,low
0.381,6.94,3.088,23.94,92.89,15.44,low
0.362,21.71,3.5200000000000005,23.66,91.5,17.6,low
0.299,17.86,3.168,24.06,90.34,15.84,medium
0.389,23.4,2.2,23.78,91.85,11.0,low
0.442,32.36,2.772,23.68,93.05,13.86,none
0.297,28.53,2.6719999999999997,24.12,91.22,13.36,medium
0.421,11.16,3.154,24.46,90.93,15.77,none
0.207,36.39,3.2840000000000003,24.81,90.93,16.42,medium
0.402,35.21,3.3020000000000005,24.33,95.19,16.51,none
0.248,14.81,3.1239999999999997,24.09,92.14,15.62,medium
0.25,2.49,3.4939999999999998,24.47,91.44,17.47,medium
0.244,9.66,2.9899999999999998,24.33,93.43,14.95,medium
0.334,2.48,3.982,24.93,87.84,19.91,low
0.289,10.24,3.1879999999999997,23.94,92.15,15.94,medium
0.338,2.15,3.2380000000000004,24.13,91.03,16.19,low
0.34,10.92,3.5780000000000003,23.57,90.06,17.89,low
0.275,10.32,2.912,23.25,92.17,14.56,medium
0.343,18.11,2.894,23.12,92.44,14.47,low
0.269,25.25,3.5340000000000003,23.22,93.15,17.67,medium
0.262,4.23,3.166,23.97,90.84,15.83,medium
0.365,3.86,3.418,24.0,92.08,17.09,low
0.278,8.65,3.684,24.42,89.7,18.42,medium
0.175,4.04,3.946,24.66,88.29,19.73,high
0.385,1.13,4.194,24.9,85.73,20.97,low
0.43,5.35,3.53,24.61,86.72,17.65,none
0.339,3.97,3.7920000000000003,24.69,88.11,18.96,low
0.22,5.3,3.432,24.47,88.47,17.16,medium
0.309,8.46,1.8980000000000001,23.34,91.1,9.49,low
0.175,11.55,2.452,23.56,91.93,12.26,high
0.324,28.22,3.3840000000000003,23.44,91.05,16.92,low
0.413,40.83,3.3020000000000005,24.04,91.32,16.51,none
0.342,4.01,3.6380000000000003,23.52,91.1,18.19,low
0.446,14.81,3.6759999999999997,23.75,93.27,18.38,none
0.396,24.82,3.2920000000000003,23.69,91.13,16.46,low
0.315,13.97,2.48,23.52,92.72,12.4,low
0.156,28.31,1.556,23.44,95.49,7.78,high
0.15,0.89,3.018,23.8,92.76,15.09,high
0.369,1.45,3.5140000000000002,24.95,86.48,17.57,low
0.383,5.31,3.72,24.71,90.47,18.6,low
0.271,15.16,3.082,24.06,93.94,15.41,medium
0.347,7.93,3.2880000000000003,24.64,88.97,16.44,low
0.416,3.77,3.396,24.25,90.6,16.98,none
0.241,10.88,2.7920000000000003,23.94,92.18,13.96,medium
0.359,6.04,2.744,24.11,91.65,13.72,low
0.154,1.32,3.402,24.5,90.8,17.01,high
0.417,2.93,3.536,23.79,90.1,17.68,none
0.398,3.38,3.162,22.81,91.78,15.81,low
0.162,2.65,3.318,23.86,87.86,16.59,high
0.371,11.29,2.84,23.85,93.04,14.2,low
0.418,6.76,2.3920000000000003,23.67,91.35,11.96,none
0.438,2.99,2.698,23.76,92.09,13.49,none
0.292,0.35,3.316,24.12,89.37,16.58,medium
0.439,13.7,3.5479999999999996,24.1,90.08,17.74,none
0.277,16.85,3.75,24.27,90.07,18.75,medium
0.414,5.59,1.1480000000000001,23.3,91.81,5.74,none
0.431,0.81,3.3200000000000003,23.54,88.93,16.6,none
0.347,9.66,3.572,23.52,89.86,17.86,low
0.318,0.75,3.4240000000000004,24.01,88.69,17.12,low
0.209,3.33,3.058,23.3,93.5,15.29,medium
0.387,3.17,3.412,24.0,88.42,17.06,low
0.379,0.2,3.754,23.85,88.66,18.77,low
0.294,0.83,3.854,23.59,88.51,19.27,medium
0.155,0.39,3.2520000000000002,23.86,89.54,16.26,high
0.415,2.7,2.8120000000000003,23.43,91.75,14.06,none
0.233,10.25,1.7899999999999998,23.03,94.45,8.95,medium
0.303,3.75,3.08,23.2,93.82,15.4,low
0.166,0.79,3.1399999999999997,23.72,89.47,15.7,high
0.421,0.47,2.524,23.32,90.84,12.62,none
0.43,0.15,3.28,23.63,90.16,16.4,none
0.386,2.87,3.838,24.13,89.58,19.19,low
0.339,1.95,3.4259999999999997,23.78,90.56,17.13,low
0.344,1.54,2.256,22.91,89.56,11.28,low
0.393,0.36,3.3579999999999997,23.14,89.89,16.79,low
0.272,0.75,3.656,23.99,87.71,18.28,medium
0.282,1.47,2.432,23.6,89.14,12.16,medium
0.362,0.53,3.374,23.6,88.39,16.87,low
0.328,1.96,2.536,23.53,89.61,12.68,low
0.253,10.71,1.232,23.08,95.21,6.16,medium
0.434,17.76,2.23,23.25,95.32,11.15,none
0.445,11.92,1.02,22.73,93.74,5.1,none
0.176,22.57,0.942,22.74,95.15,4.71,high
0.332,6.66,1.8980000000000001,21.5,89.95,9.49,low
0.31,0.0,2.484,20.56,85.31,12.42,low
0.151,0.05,2.566,20.91,86.28,12.83,high
0.447,0.21,2.908,21.7,86.79,14.54,none
0.379,0.0,3.474,21.06,86.08,17.37,low
0.324,0.05,3.19,21.71,87.26,15.95,low
0.34,0.33,2.966,22.08,88.6,14.83,low
0.331,0.46,1.734,21.28,88.71,8.67,low
0.209,1.37,1.634,22.13,89.89,8.17,medium
0.281,0.67,1.904,22.01,91.4,9.52,medium
0.242,0.02,2.282,21.57,84.19,11.41,medium
0.323,0.14,1.7120000000000002,21.48,86.38,8.56,low
0.365,0.48,2.164,22.92,88.03,10.82,low
0.241,3.66,1.784,22.53,95.12,8.92,medium
0.263,0.4,2.3120000000000003,23.43,87.53,11.56,medium
0.249,6.5,2.138,22.69,90.98,10.69,medium
0.344,12.99,0.9119999999999999,22.26,93.48,4.56,low
0.162,1.37,2.564,22.54,89.35,12.82,high
0.362,0.46,2.298,23.15,89.1,11.49,low
0.268,0.69,2.646,23.04,88.42,13.23,medium
0.342,0.26,2.506,22.32,86.47,12.53,low
0.445,0.04,2.722,22.08,87.32,13.61,none
0.216,0.0,3.4859999999999998,22.12,85.96,17.43,medium
0.408,0.07,3.938,22.47,85.54,19.69,none
0.284,0.19,4.132,22.03,87.65,20.66,medium
0.162,0.27,3.3520000000000003,21.94,87.83,16.76,high
0.345,0.03,2.8,22.61,86.96,14.0,low
0.262,0.0,3.154,23.11,87.44,15.77,medium
0.265,0.02,3.0780000000000003,22.94,87.81,15.39,medium
0.204,0.87,3.368,22.43,87.74,16.84,medium
0.185,4.24,2.404,22.47,88.85,12.02,high
0.29,2.6,1.888,22.71,88.41,9.44,medium
0.321,0.48,2.21,22.68,85.25,11.05,low
0.4,5.27,1.528,21.87,88.6,7.64,none
0.295,0.59,1.828,20.48,84.06,9.14,medium
0.232,1.16,1.938,19.61,85.03,9.69,medium
0.301,1.42,1.512,19.74,86.88,7.56,low
0.168,2.35,1.78,20.13,88.68,8.9,high
0.252,0.47,2.302,18.95,84.62,11.51,medium
0.395,0.13,2.7039999999999997,20.44,84.66,13.52,low
0.171,0.14,2.33,21.95,86.28,11.65,high
0.391,0.32,2.002,22.7,86.65,10.01,low
0.33,0.03,3.044,22.85,86.15,15.22,low
0.271,0.07,3.118,22.52,85.83,15.59,medium
0.295,0.11,3.3020000000000005,22.25,86.72,16.51,medium
0.338,0.29,2.524,22.15,86.72,12.62,low
0.301,0.72,2.532,22.22,87.14,12.66,low
0.369,0.07,2.998,21.19,83.62,14.99,low
0.449,0.0,3.5159999999999996,19.84,81.74,17.58,none
0.287,0.0,3.604,20.31,85.42,18.02,medium
0.193,0.0,2.622,21.42,85.45,13.11,high
0.306,0.0,3.064,21.58,85.0,15.32,low
0.437,0.0,3.2920000000000003,21.78,85.32,16.46,none
0.361,0.0,3.562,22.0,85.05,17.81,low
0.328,0.09,2.8440000000000003,21.75,85.77,14.22,low
0.176,0.21,3.3200000000000003,21.03,85.14,16.6,high
0.221,0.0,3.742,19.51,85.71,18.71,medium
0.186,0.0,3.718,19.66,84.41,18.59,high
0.167,0.0,3.504,19.56,84.18,17.52,high
0.321,0.0,2.664,20.07,84.4,13.32,low
0.426,0.0,3.052,20.43,83.21,15.26,none
0.281,0.01,2.846,21.73,84.47,14.23,medium
0.363,0.03,3.47,21.31,85.05,17.35,low
0.165,0.0,3.7840000000000003,20.54,82.67,18.92,high
0.409,0.0,3.7960000000000003,20.23,82.87,18.98,none
0.401,0.0,3.8020000000000005,20.12,82.5,19.01,none
0.165,0.02,4.026,20.78,83.91,20.13,high
0.429,1.49,3.518,20.46,84.57,17.59,none
0.444,5.99,2.712,19.75,87.1,13.56,none
0.196,0.06,3.3619999999999997,20.03,82.17,16.81,high
0.285,0.0,2.9539999999999997,20.21,80.89,14.77,medium
0.347,0.0,3.468,19.99,82.25,17.34,low
0.378,0.02,3.3939999999999997,19.96,82.75,16.97,low
0.198,0.07,2.9379999999999997,20.47,83.29,14.69,high
0.203,0.0,3.8340000000000005,21.04,84.24,19.17,medium
0.155,0.0,3.838,21.54,84.05,19.19,high
0.261,0.0,4.220000000000001,21.72,82.31,21.1,medium
0.171,0.0,4.279999999999999,21.72,83.84,21.4,high
0.326,0.0,4.664,21.15,80.64,23.32,low
0.251,0.0,4.32,22.67,77.73,21.6,medium
0.381,0.0,4.3,23.41,82.99,21.5,low
0.268,0.0,4.414,22.98,81.31,22.07,medium
0.384,0.01,3.9240000000000004,23.31,81.77,19.62,low
0.236,0.11,3.5700000000000003,23.32,81.3,17.85,medium
0.317,0.68,3.846,22.2,83.89,19.23,low
0.222,0.17,2.898,21.35,82.31,14.49,medium
0.297,0.01,2.448,20.55,79.26,12.24,medium
0.385,0.02,3.936,20.1,79.02,19.68,low
0.256,0.01,3.656,21.2,81.35,18.28,medium
0.366,0.03,3.6079999999999997,22.43,82.05,18.04,low
0.2,0.0,4.38,22.4,81.15,21.9,medium
0.169,0.0,4.368,21.66,81.78,21.84,high
0.337,0.0,4.878,21.99,79.59,24.39,low
0.29,0.0,4.542,23.07,77.39,22.71,medium
0.318,0.0,4.6899999999999995,23.56,78.33,23.45,low
0.28,0.0,4.11,23.62,77.98,20.55,medium
0.396,0.0,4.432,24.34,78.43,22.16,low
0.257,0.0,4.8,23.91,76.89,24.0,medium
0.42,0.0,4.958,22.9,76.42,24.79,none
0.3,0.0,4.67,22.86,77.47,23.35,low
0.262,0.0,4.316,22.16,79.03,21.58,medium
0.358,0.41,3.332,22.83,80.07,16.66,low
0.421,2.88,2.4579999999999997,23.32,82.76,12.29,none
0.384,0.0,4.1240000000000006,22.98,77.17,20.62,low
0.164,0.0,4.37,23.09,77.41,21.85,high
0.436,0.07,4.002000000000001,22.82,77.92,20.01,none
0.373,0.14,3.882,22.25,77.92,19.41,low
0.273,0.02,3.768,22.82,77.21,18.84,medium
0.239,0.0,4.862,24.06,73.87,24.31,medium
0.167,0.0,4.794,26.06,71.03,23.97,high
0.284,0.0,4.366,26.82,68.11,21.83,medium
0.161,0.0,4.428,25.56,72.34,22.14,high
0.221,0.0,4.434,23.08,73.34,22.17,medium
0.262,0.0,4.088,23.23,74.88,20.44,medium
0.174,0.0,4.294,23.11,77.04,21.47,high
0.238,0.04,3.692,23.74,76.05,18.46,medium
0.203,0.0,4.247999999999999,23.84,75.17,21.24,medium
0.299,0.0,4.58,24.07,74.1,22.9,medium
0.345,0.0,4.718,24.11,73.09,23.59,low
0.397,0.0,5.286,22.65,67.08,26.43,low
0.271,0.0,5.1579999999999995,22.97,72.21,25.79,medium
0.395,0.0,5.14,24.05,73.0,25.7,low
0.202,0.0,5.164,23.55,69.29,25.82,medium
0.234,0.11,4.41,23.29,72.37,22.05,medium
0.393,1.54,3.6119999999999997,23.37,78.66,18.06,low
0.256,0.73,3.064,23.83,76.48,15.32,medium
0.345,0.0,5.246,24.31,69.66,26.23,low
0.152,0.0,5.012,24.74,70.64,25.06,high
0.446,0.0,4.892,26.02,70.99,24.46,none
0.204,0.0,4.706,26.15,70.02,23.53,medium
0.211,0.02,5.14,25.22,71.52,25.7,medium
0.337,0.05,4.582,26.11,70.27,22.91,low
0.198,0.0,3.572,25.96,71.84,17.86,high
0.17,0.0,4.0520000000000005,26.12,68.8,20.26,high
0.184,0.0,4.586,26.96,68.1,22.93,high
0.278,0.0,4.316,26.81,71.55,21.58,medium
0.158,0.0,4.15,27.68,68.15,20.75,high
0.315,0.0,4.318,28.07,68.38,21.59,low
0.364,0.05,4.146,28.37,68.64,20.73,low
0.369,0.0,4.46,28.49,69.0,22.3,low
0.371,0.0,4.786,28.09,65.91,23.93,low
0.357,0.0,5.6579999999999995,26.68,59.8,28.29,low
0.278,0.0,5.332,27.48,63.74,26.66,medium
0.219,0.0,5.3,28.19,63.74,26.5,medium
0.193,0.0,5.012,26.51,68.48,25.06,high
0.198,0.0,4.462,25.86,67.14,22.31,high
0.246,0.0,4.792,25.98,67.33,23.96,medium
0.24,0.0,4.512,26.73,68.38,22.56,medium
0.243,0.0,4.922,27.61,65.82,24.61,medium
0.354,0.0,5.246,27.87,60.1,26.23,low
0.376,0.0,5.343999999999999,27.38,58.53,26.72,low
0.444,0.0,5.396,27.45,59.76,26.98,none
0.391,0.0,5.016,27.88,60.25,25.08,low
0.158,0.0,3.9619999999999997,28.15,63.23,19.81,high
0.229,0.0,4.784000000000001,28.72,60.53,23.92,medium
0.33,0.0,4.104,29.1,59.57,20.52,low
0.319,0.0,4.288,29.38,62.06,21.44,low
0.275,0.0,4.3020000000000005,29.01,64.37,21.51,medium
0.191,0.07,4.228,29.23,65.54,21.14,high
0.358,0.1,4.836,29.89,61.99,24.18,low
0.31,0.0,4.432,30.46,56.36,22.16,low
0.333,0.0,3.9659999999999997,30.35,56.63,19.83,low
0.424,0.0,4.9799999999999995,30.36,57.29,24.9,none
0.416,0.0,4.524,30.24,55.7,22.62,none
0.354,0.0,4.92,30.48,55.58,24.6,low
0.18,0.0,4.652,30.87,52.88,23.26,high
0.203,0.0,4.088,30.68,57.62,20.44,medium
0.182,0.08,3.9159999999999995,28.95,59.79,19.58,high
0.374,11.08,4.272,28.05,69.39,21.36,low
0.195,1.16,3.492,28.27,69.08,17.46,high
0.269,7.84,2.712,25.59,85.62,13.56,medium
0.366,0.03,4.608,27.82,64.07,23.04,low
0.286,0.86,4.3759999999999994,27.83,67.67,21.88,medium
0.195,2.69,3.932,26.52,72.54,19.66,high
0.151,0.81,3.9219999999999997,25.24,77.88,19.61,high
0.291,0.02,4.43,27.9,67.06,22.15,medium
0.177,0.0,4.412,28.35,62.55,22.06,high
0.154,0.04,4.5280000000000005,29.12,59.45,22.64,high
0.254,0.13,4.614,29.15,57.95,23.07,medium
0.322,0.72,3.8840000000000003,28.39,65.34,19.42,low
0.248,3.58,3.5420000000000003,27.47,72.3,17.71,medium
0.297,3.32,3.692,27.7,71.97,18.46,medium
0.407,7.89,3.272,26.44,81.0,16.36,none
0.183,10.88,3.4240000000000004,26.45,81.19,17.12,high
0.393,41.21,3.1879999999999997,25.87,88.51,15.94,low
0.237,15.21,3.148,26.49,86.66,15.74,medium
0.293,9.73,3.412,25.06,94.59,17.06,medium
0.346,0.71,3.54,26.9,81.12,17.7,low
0.175,12.67,3.636,25.67,88.05,18.18,high
0.173,14.18,4.3759999999999994,26.3,82.78,21.88,high
0.169,1.1,4.512,27.13,74.16,22.56,high
0.246,0.13,4.0600000000000005,26.97,78.11,20.3,medium
0.325,0.4,4.3740000000000006,26.6,83.47,21.87,low
0.424,5.18,4.01,26.53,83.52,20.05,none
0.188,7.53,1.934,25.01,90.17,9.67,high
0.189,10.35,2.734,24.52,90.85,13.67,high
0.277,9.44,3.444,25.1,88.01,17.22,medium
0.187,11.16,3.976,25.49,86.03,19.88,high
0.301,1.3,3.88,25.81,84.35,19.4,low
0.427,7.29,3.7840000000000003,24.93,89.04,18.92,none
0.234,1.57,4.502000000000001,26.19,83.06,22.51,medium
0.303,0.74,3.978,25.75,87.07,19.89,low
0.41,0.85,3.754,25.19,88.08,18.77,none
0.247,1.69,3.5740000000000003,25.69,84.39,17.87,medium
0.425,5.34,3.6659999999999995,25.06,87.02,18.33,none
0.41,15.33,3.2479999999999998,24.11,92.57,16.24,none
0.381,2.58,3.182,24.51,85.64,15.91,low
0.243,0.01,4.4079999999999995,25.21,80.56,22.04,medium
0.257,0.02,3.974,25.15,83.73,19.87,medium
0.17,1.38,3.85,26.0,80.21,19.25,high
0.426,2.11,4.156000000000001,26.16,83.32,20.78,none
0.171,4.72,4.358,27.0,75.41,21.79,high
0.216,55.02,3.9899999999999998,25.57,89.59,19.95,medium
0.252,0.82,4.082,25.45,84.11,20.41,medium
0.358,0.36,3.572,25.09,85.62,17.86,low
0.168,2.68,3.504,24.58,90.26,17.52,high
0.221,3.74,1.8960000000000001,23.94,92.57,9.48,medium
0.377,12.22,2.174,23.94,92.36,10.87,low
0.261,35.77,2.45,23.94,93.48,12.25,medium
0.265,15.46,2.8600000000000003,23.43,90.81,14.3,medium
0.376,10.07,2.8120000000000003,24.09,89.66,14.06,low
0.303,13.69,3.618,23.46,89.94,18.09,low
0.449,27.82,2.658,24.08,89.09,13.29,none
0.172,4.79,3.6020000000000003,24.39,88.48,18.01,high
0.197,17.45,3.7359999999999998,25.19,84.97,18.68,high
0.234,0.82,4.426,25.22,84.03,22.13,medium
0.196,2.71,4.234,24.95,84.33,21.17,high
0.317,4.34,3.876,24.69,88.85,19.38,low
0.399,1.01,4.358,24.73,87.01,21.79,low
0.448,45.87,3.0260000000000002,23.74,92.07,15.13,none
0.173,1.37,2.92,23.8,89.23,14.6,high
0.363,5.37,3.624,24.39,87.07,18.12,low
0.343,24.44,3.4799999999999995,24.11,91.0,17.4,low
0.213,12.39,3.902,25.37,87.85,19.51,medium
0.213,4.3,2.976,25.17,85.62,14.88,medium
0.408,43.02,2.9859999999999998,23.76,94.74,14.93,none
0.388,5.41,3.654,23.61,90.01,18.27,low
0.383,21.02,3.17,23.95,89.19,15.85,low
0.156,21.11,3.5840000000000005,23.54,91.79,17.92,high
0.186,67.04,2.3739999999999997,22.83,93.51,11.87,high
0.182,12.02,2.246,23.01,93.14,11.23,high
0.393,19.96,2.186,23.44,93.29,10.93,low
0.183,19.65,2.6239999999999997,23.75,92.69,13.12,high
0.33,18.15,2.988,23.76,91.18,14.94,low
0.355,11.54,2.536,23.6,91.36,12.68,low
0.18,9.58,2.598,23.79,91.39,12.99,high
0.255,47.96,1.932,22.72,94.62,9.66,medium
0.428,19.9,2.102,22.71,92.71,10.51,none
0.374,21.47,2.284,23.76,89.86,11.42,low
0.262,15.93,2.778,24.12,89.99,13.89,medium
0.238,7.09,3.2340000000000004,23.56,87.38,16.17,medium
0.333,23.67,2.794,23.95,88.36,13.97,low
0.239,12.96,2.5260000000000002,23.35,88.53,12.63,medium
0.371,31.81,2.908,23.59,90.02,14.54,low
0.286,34.33,2.278,23.77,91.49,11.39,medium
0.187,9.64,3.318,23.65,90.79,16.59,high
0.26,11.6,3.8340000000000005,24.23,90.18,19.17,medium
0.265,10.94,3.906,23.85,91.27,19.53,medium
0.339,2.27,4.184,24.45,88.36,20.92,low
0.252,1.11,4.006,24.0,91.05,20.03,medium
0.303,4.11,3.768,24.83,89.88,18.84,low
0.153,6.49,3.308,24.49,89.76,16.54,high
0.242,1.67,3.8,24.85,86.18,19.0,medium
0.306,3.47,3.492,24.98,87.15,17.46,low
0.435,7.67,3.846,25.03,88.93,19.23,none
0.256,14.5,3.942,24.53,93.01,19.71,medium
0.381,4.56,3.678,24.61,92.16,18.39,low
0.299,0.73,3.4560000000000004,24.92,89.44,17.28,medium
0.304,1.1,4.134,25.41,87.5,20.67,low
0.356,5.68,4.172,24.47,91.06,20.86,low
0.301,0.79,4.382,24.95,87.35,21.91,low
0.411,0.26,4.012,24.93,87.8,20.06,none
0.355,14.6,4.064,25.81,85.99,20.32,low
0.302,51.62,3.804,25.19,92.35,19.02,low
0.26,0.9,3.9579999999999997,25.38,87.64,19.79,medium
0.336,2.15,4.17,26.01,86.1,20.85,low
0.246,6.58,3.978,24.88,90.51,19.89,medium
0.419,4.16,3.814,25.19,88.24,19.07,none
0.157,28.51,3.47,24.13,91.25,17.35,high
0.329,8.61,4.296,24.76,87.21,21.48,low
0.425,7.15,3.9859999999999998,25.19,85.94,19.93,none
0.207,9.43,4.264,24.89,89.7,21.32,medium
0.207,5.93,3.872,24.38,92.98,19.36,medium
0.374,13.65,3.3259999999999996,22.91,90.51,16.63,low
0.261,45.69,3.4560000000000004,24.03,88.51,17.28,medium
0.362,8.9,3.81,23.94,90.37,19.05,low
0.247,43.4,3.308,23.79,91.04,16.54,medium
0.197,38.93,3.3200000000000003,23.73,91.28,16.6,high
0.361,4.9,2.8899999999999997,23.61,92.78,14.45,low
0.305,8.12,3.2399999999999998,23.9,89.76,16.2,low
0.447,10.24,3.276,24.38,89.98,16.38,none
0.259,10.51,3.31,23.77,90.57,16.55,medium
0.244,21.2,3.02,24.24,90.64,15.1,medium
0.448,19.33,2.332,24.23,92.53,11.66,none
0.203,11.7,2.284,23.82,93.56,11.42,medium
0.218,9.58,3.1239999999999997,24.62,89.77,15.62,medium
0.419,22.13,3.7640000000000002,24.61,90.87,18.82,none
0.283,3.86,3.342,24.72,92.26,16.71,medium
0.44,6.64,3.434,24.54,92.93,17.17,none
0.331,6.25,3.4159999999999995,24.19,93.25,17.08,low
0.302,2.81,3.804,23.94,92.83,19.02,low
0.43,1.83,3.3340000000000005,24.09,90.92,16.67,none
0.185,8.6,2.804,23.02,92.53,14.02,high
0.279,8.73,2.676,23.24,91.21,13.38,medium
0.159,6.91,2.75,23.46,93.34,13.75,high
0.227,18.69,3.45,23.82,88.91,17.25,medium
0.339,73.28,2.782,23.03,92.4,13.91,low
0.255,6.69,3.1559999999999997,23.64,90.66,15.78,medium
0.446,8.57,2.948,24.47,89.98,14.74,none
0.28,22.94,2.6559999999999997,23.96,91.1,13.28,medium
0.156,6.98,2.3579999999999997,22.62,91.47,11.79,high
0.285,1.51,3.3840000000000003,23.85,86.38,16.92,medium
0.416,4.79,2.6079999999999997,23.56,93.11,13.04,none
0.246,3.93,4.068,24.66,86.59,20.34,medium
0.359,5.76,2.504,23.3,92.1,12.52,low
0.238,0.91,3.7939999999999996,24.01,86.56,18.97,medium
0.262,0.3,3.848,25.55,85.05,19.24,medium
0.247,2.08,3.8280000000000003,25.12,89.57,19.14,medium
0.448,0.22,3.8020000000000005,24.73,89.99,19.01,none
0.268,1.93,3.4880000000000004,25.4,83.58,17.44,medium
0.342,17.69,3.2060000000000004,24.43,90.58,16.03,low
0.235,2.93,3.25,23.14,91.65,16.25,medium
0.161,0.2,2.366,23.78,85.96,11.83,high
0.448,0.92,2.7399999999999998,22.3,89.89,13.7,none
0.351,2.91,1.7879999999999998,22.79,94.05,8.94,low
0.222,3.4,3.274,23.27,92.38,16.37,medium
0.344,8.48,2.3920000000000003,23.17,92.95,11.96,low
0.205,1.76,3.5799999999999996,23.0,88.22,17.9,medium
0.225,0.41,3.2039999999999997,23.98,87.1,16.02,medium
0.211,1.15,3.6380000000000003,24.25,87.53,18.19,medium
0.212,3.52,2.536,23.8,94.62,12.68,medium
0.329,1.75,3.034,23.91,89.73,15.17,low
0.252,2.92,4.176,24.91,83.85,20.88,medium
0.158,8.81,3.276,23.65,95.97,16.38,high
0.351,3.78,3.054,23.99,89.98,15.27,low
0.341,12.87,2.962,23.11,91.79,14.81,low
0.44,8.59,3.1260000000000003,24.03,86.84,15.63,none
0.348,0.72,2.978,23.36,90.6,14.89,low
0.32,6.5,3.5159999999999996,23.36,90.53,17.58,low
0.202,3.75,3.2979999999999996,23.28,91.62,16.49,medium
0.411,19.26,1.21,22.79,94.87,6.05,none
0.418,7.88,2.602,22.4,92.9,13.01,none
0.441,0.01,4.014,23.64,84.68,20.07,none
0.302,0.23,3.7960000000000003,23.68,88.2,18.98,low
0.422,0.3,2.868,20.16,87.19,14.34,none
0.436,13.85,1.486,20.35,89.77,7.43,none
0.265,15.4,1.5539999999999998,22.18,93.56,7.77,medium
0.22,1.88,1.816,23.14,89.0,9.08,medium
0.35,0.63,2.4859999999999998,23.25,87.88,12.43,low
0.233,8.95,3.4659999999999997,23.63,90.46,17.33,medium
0.268,15.31,2.086,23.56,91.48,10.43,medium
0.173,6.27,2.42,22.1,90.97,12.1,high
0.301,1.02,3.1719999999999997,22.23,90.34,15.86,low
0.236,2.29,3.02,23.04,87.85,15.1,medium
0.374,0.65,3.3240000000000003,23.13,87.89,16.62,low
0.339,3.99,2.184,22.98,90.6,10.92,low
0.382,4.11,2.268,22.46,92.73,11.34,low
0.363,1.07,1.8559999999999999,22.81,88.0,9.28,low
0.402,0.0,3.572,22.36,86.11,17.86,none
0.177,0.0,3.696,23.02,84.91,18.48,high
0.217,0.02,3.6700000000000004,23.37,83.04,18.35,medium
0.429,10.89,2.568,24.07,86.5,12.84,none
0.22,6.06,3.0460000000000003,24.12,91.67,15.23,medium
0.292,0.22,3.308,24.17,86.87,16.54,medium
0.274,0.05,3.8579999999999997,23.58,82.78,19.29,medium
0.154,3.3,3.918,23.07,85.57,19.59,high
0.44,0.03,3.8560000000000003,21.97,85.7,19.28,none
0.279,0.67,2.972,22.23,87.6,14.86,medium
0.164,1.97,2.482,23.06,89.02,12.41,high
0.165,1.48,2.478,22.55,88.71,12.39,high
0.388,0.23,2.084,22.99,86.3,10.42,low
0.327,2.39,2.016,22.89,89.08,10.08,low
0.175,1.27,2.478,23.24,87.78,12.39,high
0.261,0.61,2.382,23.48,86.84,11.91,medium
0.255,0.03,3.12,22.97,88.28,15.6,medium
0.391,0.02,2.622,23.32,86.47,13.11,low
0.438,0.22,2.018,23.26,85.32,10.09,none
0.214,0.13,1.932,21.92,83.7,9.66,medium
0.209,0.0,2.18,19.77,82.61,10.9,medium
0.189,0.0,2.0420000000000003,20.38,84.39,10.21,high
0.178,0.0,2.498,21.65,86.38,12.49,high
0.172,0.03,2.366,21.97,87.42,11.83,high
0.414,0.35,1.9100000000000001,22.17,87.58,9.55,none
0.419,0.56,1.556,21.79,88.27,7.78,none
0.208,0.41,1.73,21.63,87.36,8.65,medium
0.362,3.35,1.884,22.58,89.41,9.42,low
0.3,9.35,1.614,21.25,92.5,8.07,low
0.228,0.18,1.9739999999999998,22.12,84.9,9.87,medium
0.329,0.35,2.0780000000000003,21.89,86.87,10.39,low
0.271,4.74,0.8480000000000001,21.82,91.18,4.24,medium
0.398,18.55,0.296,22.05,96.39,1.48,low
0.357,5.03,0.8119999999999999,22.82,93.58,4.06,low
0.228,6.4,1.544,22.48,95.23,7.72,medium
0.336,8.71,1.53,22.02,94.09,7.65,low
0.302,16.83,1.126,20.83,90.26,5.63,low
0.412,0.98,1.558,20.34,86.9,7.79,none
0.222,0.04,2.022,20.82,84.85,10.11,medium
0.244,0.28,2.008,21.03,85.42,10.04,medium
0.178,0.18,2.6239999999999997,20.52,83.97,13.12,high
0.315,0.22,2.928,19.42,83.58,14.64,low
0.221,0.0,2.964,18.88,84.29,14.82,medium
0.221,0.0,2.6079999999999997,18.07,86.17,13.04,medium
0.173,0.04,1.486,19.68,87.04,7.43,high
0.393,0.38,1.432,19.63,86.57,7.16,low
0.289,4.88,1.384,20.4,93.08,6.92,medium
0.431,2.83,1.78,22.62,90.15,8.9,none
0.368,4.53,1.566,22.4,91.2,7.83,low
0.222,3.41,1.8780000000000001,21.37,89.3,9.39,medium
0.2,0.75,1.8519999999999999,19.76,84.67,9.26,medium
0.397,0.13,2.55,20.15,85.92,12.75,low
0.262,1.37,1.394,19.86,89.17,6.97,medium
0.236,0.75,1.6760000000000002,18.7,87.96,8.38,medium
0.316,0.01,1.848,20.04,85.61,9.24,low
0.195,0.07,1.4380000000000002,19.88,84.9,7.19,high
0.272,0.0,2.598,18.91,82.98,12.99,medium
0.171,0.0,3.05,18.61,85.31,15.25,high
0.343,0.0,3.668,18.79,86.23,18.34,low
0.289,0.0,3.66,20.02,85.72,18.3,medium
0.284,0.0,4.061999999999999,18.77,83.1,20.31,medium
0.27,0.0,3.7399999999999998,20.3,85.14,18.7,medium
0.159,0.04,2.532,18.82,80.38,12.66,high
0.339,0.27,1.5859999999999999,18.43,81.6,7.93,low
0.342,0.0,2.902,16.6,80.1,14.51,low
0.187,0.17,3.096,17.2,82.3,15.48,high
0.4,2.27,1.816,19.76,90.01,9.08,none
0.422,1.77,1.432,21.5,87.69,7.16,none
0.407,1.63,1.716,19.81,85.65,8.58,none
0.197,0.05,2.1420000000000003,18.51,81.45,10.71,high
0.25,0.0,2.7800000000000002,18.47,81.69,13.9,medium
0.32,0.0,3.646,18.77,83.76,18.23,low
0.275,0.0,3.7600000000000002,17.42,81.27,18.8,medium
0.162,0.0,4.188000000000001,16.89,82.09,20.94,high
0.194,0.0,4.414,17.76,81.89,22.07,high
0.33,0.0,3.778,19.98,81.2,18.89,low
0.327,0.0,4.036,21.75,84.75,20.18,low
0.425,0.0,3.7119999999999997,22.17,82.38,18.56,none
0.298,0.03,3.742,19.29,80.17,18.71,medium
0.358,0.28,2.502,18.41,81.07,12.51,low
0.353,0.0,3.768,17.72,80.35,18.84,low
0.348,0.0,3.6,17.7,81.37,18.0,low
0.324,0.0,3.6759999999999997,17.98,84.28,18.38,low
0.16,0.0,3.9880000000000004,19.61,85.28,19.94,high
0.449,0.0,4.279999999999999,20.77,76.29,21.4,none
0.299,0.0,4.522,21.92,74.94,22.61,medium
0.195,0.03,3.8920000000000003,20.89,82.53,19.46,high
0.398,0.56,2.674,19.32,82.91,13.37,low
0.199,0.24,3.518,18.48,81.69,17.59,high
0.439,0.0,4.614,18.29,81.67,23.07,none
0.433,0.0,3.754,18.99,83.7,18.77,none
0.274,0.0,3.2159999999999997,19.67,80.38,16.08,medium
0.371,0.01,1.738,18.15,82.26,8.69,low
0.248,0.05,2.552,19.6,81.76,12.76,medium
0.42,0.15,1.738,20.59,84.53,8.69,none
0.168,0.0,3.37,21.99,86.62,16.85,high
0.309,0.04,3.626,22.9,83.88,18.13,low
0.317,0.17,3.81,22.54,82.97,19.05,low
0.311,0.12,3.4539999999999997,22.64,83.63,17.27,low
0.176,0.0,3.4899999999999998,22.13,82.41,17.45,high
0.322,0.0,3.2560000000000002,21.71,81.1,16.28,low
0.241,0.21,2.756,21.88,81.81,13.78,medium
0.302,0.72,2.318,21.3,85.04,11.59,low
0.384,0.02,3.508,22.0,81.12,17.54,low
0.183,0.44,2.552,22.5,81.08,12.76,high
0.376,6.05,1.698,21.4,89.44,8.49,low
0.229,5.76,1.394,21.53,89.88,6.97,medium
0.35,3.48,2.068,21.76,84.53,10.34,low
0.335,0.76,2.41,22.1,81.67,12.05,low
0.155,0.3,2.604,22.11,81.87,13.02,high
0.422,0.0,3.7,22.62,79.89,18.5,none
0.214,0.0,4.754,22.76,79.23,23.77,medium
0.304,0.0,5.0840000000000005,22.67,77.33,25.42,low
0.349,0.0,4.838,22.78,75.89,24.19,low
0.436,0.0,4.776,24.45,73.43,23.88,none
0.334,0.0,4.2299999999999995,25.91,69.86,21.15,low
0.344,0.02,4.426,25.74,73.73,22.13,low
0.163,0.04,4.538,24.9,72.84,22.69,high
0.397,0.06,2.872,24.02,77.58,14.36,low
0.284,0.11,2.8920000000000003,23.12,76.13,14.46,medium
0.243,2.52,1.41,22.35,83.05,7.05,medium
0.199,1.27,2.5780000000000003,23.21,82.59,12.89,high
0.434,0.09,3.566,23.56,81.83,17.83,none
0.252,0.38,4.4159999999999995,24.31,79.71,22.08,medium
0.213,0.0,4.4399999999999995,24.69,78.07,22.2,medium
0.272,0.0,5.16,24.86,73.9,25.8,medium
0.235,0.0,5.098,25.13,70.47,25.49,medium
0.151,0.19,4.282,24.23,74.99,21.41,high
0.351,2.74,2.362,22.33,81.0,11.81,low
0.271,0.25,2.576,22.23,76.88,12.88,medium
0.39,0.24,2.294,20.29,75.87,11.47,low
0.222,0.15,2.636,19.53,76.87,13.18,medium
0.344,0.0,3.34,20.9,73.89,16.7,low
0.245,0.0,4.122,20.85,75.79,20.61,medium
0.448,0.09,4.192,21.6,74.27,20.96,none
0.341,0.1,5.234,21.56,72.16,26.17,low
0.407,0.0,4.964,22.11,65.26,24.82,none
0.359,0.0,5.279999999999999,24.83,63.74,26.4,low
0.401,0.0,4.856,25.91,66.74,24.28,none
0.23,0.29,4.422,26.0,71.98,22.11,medium
0.431,0.29,5.156000000000001,25.66,72.12,25.78,none
0.345,1.89,2.7359999999999998,24.82,76.65,13.68,low
0.348,2.55,2.148,21.84,85.29,10.74,low
0.414,0.59,2.118,22.68,76.71,10.59,none
0.17,1.87,2.6719999999999997,19.7,86.55,13.36,high
0.401,0.02,3.4859999999999998,22.49,75.5,17.43,none
0.236,0.0,4.4159999999999995,23.87,72.54,22.08,medium
0.331,0.0,4.7,25.54,68.94,23.5,low
0.416,0.0,3.9899999999999998,24.97,72.69,19.95,none
0.392,0.0,4.208,24.96,73.19,21.04,low
0.3,0.0,3.728,25.08,69.18,18.64,low
0.407,0.0,4.622,26.49,67.73,23.11,none
0.401,0.01,3.5700000000000003,25.54,77.14,17.85,none
0.197,0.01,4.066,27.17,69.86,20.33,high
0.363,0.06,4.112,26.76,72.11,20.56,low
0.178,0.0,3.354,27.17,66.68,16.77,high
0.175,0.0,3.9880000000000004,25.09,69.7,19.94,high
0.267,0.0,3.912,25.32,69.56,19.56,medium
0.295,2.18,4.212,24.38,79.95,21.06,medium
0.327,3.14,3.8880000000000003,25.42,82.54,19.44,low
0.158,0.0,4.4159999999999995,27.8,72.23,22.08,high
0.163,0.0,4.208,27.82,68.72,21.04,high
0.303,0.0,5.116,27.27,61.81,25.58,low
0.222,0.0,5.112,27.37,64.82,25.56,medium
0.356,2.19,4.465999999999999,27.84,65.31,22.33,low
0.158,16.37,3.9859999999999998,25.92,81.19,19.93,high
0.313,0.17,4.296,26.63,73.09,21.48,low
0.311,1.84,4.008,26.58,73.56,20.04,low
0.192,2.14,4.164,26.27,75.73,20.82,high
0.313,0.0,4.776,26.03,68.04,23.88,low
0.356,0.0,5.306,26.1,65.09,26.53,low
0.344,0.0,4.684,25.72,68.15,23.42,low
0.293,0.01,4.732,25.75,68.27,23.66,medium
0.294,1.49,3.002,24.26,82.54,15.01,medium
0.268,2.56,3.982,25.0,75.66,19.91,medium
0.404,4.27,3.906,24.49,78.22,19.53,none
0.155,14.16,3.814,25.9,72.42,19.07,high
0.328,0.09,4.4079999999999995,27.02,68.19,22.04,low
0.302,0.05,3.844,27.56,69.43,19.22,low
0.407,0.33,3.2640000000000002,27.78,68.52,16.32,none
0.157,0.22,4.0200000000000005,28.29,66.37,20.1,high
0.403,4.33,4.218,27.33,73.57,21.09,none
0.324,16.59,3.7359999999999998,25.44,87.19,18.68,low
0.175,5.42,3.91,25.75,81.4,19.55,high
0.294,55.27,2.918,24.22,92.79,14.59,medium
0.296,21.22,3.9259999999999997,25.16,85.96,19.63,medium
0.211,6.09,4.188000000000001,25.71,82.34,20.94,medium
0.444,1.83,3.6399999999999997,25.72,82.22,18.2,none
0.195,0.16,4.196,25.01,82.93,20.98,high
0.38,0.55,3.804,24.6,83.35,19.02,low
0.405,0.94,4.134,25.62,77.51,20.67,none
0.382,28.05,3.818,25.1,84.8,19.09,low
0.319,2.4,4.086,25.89,81.29,20.43,low
0.187,19.67,3.496,25.41,85.81,17.48,high
0.344,36.26,3.5060000000000002,25.81,84.2,17.53,low
0.406,18.05,3.8280000000000003,25.13,83.85,19.14,none
0.377,3.86,3.45,24.58,86.93,17.25,low
0.181,2.85,3.6020000000000003,24.42,85.05,18.01,high
0.256,2.4,4.172,24.45,84.72,20.86,medium
0.348,3.92,3.7340000000000004,25.1,86.42,18.67,low
0.392,9.38,3.464,25.26,87.99,17.32,low
0.245,68.33,2.658,23.73,95.14,13.29,medium
0.433,4.82,2.756,24.02,89.96,13.78,none
0.386,8.45,2.9379999999999997,23.58,90.83,14.69,low
0.251,9.07,3.3939999999999997,24.06,86.71,16.97,medium
0.186,12.68,3.408,24.28,88.42,17.04,high
0.304,7.44,3.684,24.08,88.87,18.42,low
0.41,13.29,3.772,24.34,90.49,18.86,none
0.302,14.49,3.482,24.68,90.17,17.41,low
0.272,21.45,2.852,24.28,93.91,14.26,medium
0.182,7.89,3.8020000000000005,24.33,91.47,19.01,high
0.194,7.83,3.274,23.9,90.97,16.37,high
0.306,15.77,3.18,24.69,88.45,15.9,low
0.302,13.77,2.254,24.06,92.42,11.27,low
0.409,17.28,1.1720000000000002,22.76,94.1,5.86,none
0.274,5.54,1.714,22.78,91.62,8.57,medium
0.313,3.64,3.306,23.85,86.73,16.53,low
0.305,1.56,3.4859999999999998,24.47,86.65,17.43,low
0.32,0.03,3.9939999999999998,25.12,85.29,19.97,low
0.428,0.12,3.918,25.04,87.07,19.59,none
0.321,2.19,4.176,25.53,87.2,20.88,low
0.179,1.23,3.354,24.25,89.76,16.77,high
0.183,1.04,4.026,24.79,86.92,20.13,high
0.207,7.24,3.364,23.61,95.91,16.82,medium
0.387,14.91,4.004,24.57,88.28,20.02,low
0.164,18.11,3.396,24.04,89.24,16.98,high
0.162,1.95,3.4520000000000004,24.08,86.55,17.26,high
0.365,1.03,3.9,24.36,86.73,19.5,low
0.291,6.85,2.2760000000000002,23.99,89.8,11.38,medium
0.305,33.05,3.6,23.7,90.32,18.0,low
0.175,29.93,4.042,23.88,89.42,20.21,high
0.173,1.42,3.5520000000000005,24.03,87.23,17.76,high
0.204,2.43,3.0420000000000003,23.79,88.43,15.21,medium
0.325,2.74,3.0100000000000002,23.45,90.91,15.05,low
0.415,6.6,2.664,24.06,91.34,13.32,none
0.315,3.77,3.2439999999999998,23.61,92.98,16.22,low
0.346,5.69,2.968,23.08,92.59,14.84,low
0.385,3.95,2.548,23.81,86.4,12.74,low
0.152,12.06,2.488,24.08,90.72,12.44,high
0.267,4.04,3.29,24.19,90.7,16.45,medium
0.393,3.26,3.192,24.46,88.27,15.96,low
0.29,10.16,3.562,23.84,92.23,17.81,medium
0.167,16.12,3.1079999999999997,23.72,90.91,15.54,high
0.391,3.76,3.008,24.31,87.43,15.04,low
0.411,2.75,3.37,24.13,90.91,16.85,none
0.404,1.28,3.528,24.32,89.52,17.64,none
0.269,0.64,3.4219999999999997,25.26,86.06,17.11,medium
0.395,3.77,3.682,24.52,90.68,18.41,low
0.391,8.23,3.242,23.74,92.61,16.21,low
0.443,1.23,3.8840000000000003,23.87,89.42,19.42,none
0.361,5.4,3.732,23.49,94.64,18.66,low
0.316,7.66,2.6879999999999997,23.05,91.93,13.44,low
0.41,17.4,3.3979999999999997,23.48,88.25,16.99,none
0.333,7.24,2.9699999999999998,23.84,86.59,14.85,low
0.39,3.28,2.694,23.56,86.69,13.47,low
0.296,5.71,2.984,23.98,85.85,14.92,medium
0.285,14.72,3.3299999999999996,24.34,87.85,16.65,medium
0.169,26.48,2.54,23.61,92.42,12.7,high
0.302,4.6,3.064,23.61,91.46,15.32,low
0.346,3.91,2.37,23.44,90.85,11.85,low
0.167,4.41,2.614,23.63,90.93,13.07,high
0.205,5.23,3.6020000000000003,24.35,89.01,18.01,medium
0.344,4.27,3.0300000000000002,24.9,87.65,15.15,low
0.242,4.39,3.5520000000000005,24.07,89.03,17.76,medium
0.339,2.28,3.562,24.82,87.03,17.81,low
0.172,2.28,3.8,24.62,88.77,19.0,high
0.392,4.96,4.0,24.82,88.86,20.0,low
0.165,0.21,4.132,25.12,85.98,20.66,high
0.434,0.01,4.318,24.85,87.35,21.59,none
0.299,0.12,4.006,24.56,88.43,20.03,medium
0.422,4.17,4.102,23.95,90.96,20.51,none
0.305,5.93,3.9259999999999997,24.32,90.5,19.63,low
0.172,1.54,3.65,24.94,85.98,18.25,high
0.323,7.3,3.938,24.41,86.97,19.69,low
0.225,9.47,4.279999999999999,23.92,92.16,21.4,medium
0.316,9.89,3.8619999999999997,24.05,91.18,19.31,low
0.372,2.81,3.7880000000000003,24.19,88.98,18.94,low
0.289,7.25,3.7920000000000003,23.36,93.58,18.96,medium
0.307,7.03,3.8579999999999997,23.93,90.23,19.29,low
0.284,7.05,3.5840000000000005,24.16,87.73,17.92,medium
0.274,11.44,2.96,23.33,91.56,14.8,medium
0.391,27.35,2.732,22.49,92.07,13.66,low
0.299,1.14,2.518,23.75,86.97,12.59,medium
0.193,0.33,4.024,24.58,85.63,20.12,high
0.251,9.21,4.076,24.71,87.32,20.38,medium
0.26,22.4,1.9920000000000002,23.26,89.03,9.96,medium
0.288,1.58,4.106,23.34,87.96,20.53,medium
0.191,1.58,3.772,23.75,88.0,18.86,high
0.385,13.7,2.674,23.07,93.74,13.37,low
0.336,4.64,3.2600000000000002,23.37,90.44,16.3,low
0.429,4.56,3.4539999999999997,23.37,88.7,17.27,none
0.352,3.8,3.2560000000000002,23.02,88.95,16.28,low
0.254,4.31,3.1079999999999997,23.16,90.42,15.54,medium
0.252,7.06,2.46,22.83,91.77,12.3,medium
0.297,6.0,2.572,23.24,92.42,12.86,medium
0.323,1.53,3.7359999999999998,24.28,87.2,18.68,low
0.387,8.64,3.312,24.36,90.25,16.56,low
0.262,38.14,3.138,23.84,92.75,15.69,medium
0.351,12.99,2.9739999999999998,22.32,94.07,14.87,low
0.224,11.68,3.05,24.73,86.94,15.25,medium
0.262,23.1,3.2979999999999996,24.32,89.69,16.49,medium
0.153,24.69,3.098,23.2,94.14,15.49,high
0.311,51.77,2.67,23.25,93.85,13.35,low
0.369,5.89,3.772,23.55,91.97,18.86,low
0.181,1.74,3.75,23.85,89.34,18.75,high
0.234,0.48,4.236,24.37,86.1,21.18,medium
0.217,2.07,4.226,24.74,84.09,21.13,medium
0.377,1.31,3.228,24.4,83.37,16.14,low
0.337,13.2,3.976,24.59,86.45,19.88,low
0.207,5.34,3.5740000000000003,24.44,87.36,17.87,medium
0.381,11.06,3.246,24.51,87.49,16.23,low
0.229,2.58,4.038,24.39,87.94,20.19,medium
0.348,12.39,3.272,23.53,93.8,16.36,low
0.343,13.1,3.2039999999999997,24.04,91.08,16.02,low
0.304,9.05,2.944,23.24,92.57,14.72,low
0.288,3.46,3.628,23.57,90.66,18.14,medium
0.283,16.34,2.934,23.71,93.93,14.67,medium
0.25,44.98,2.508,22.99,96.11,12.54,medium
0.231,26.75,2.248,22.87,92.75,11.24,medium
0.422,2.06,3.4859999999999998,23.53,88.73,17.43,none
0.26,5.36,2.678,22.93,90.72,13.39,medium
0.178,13.02,2.412,23.15,92.61,12.06,high
0.212,17.25,2.286,22.69,94.87,11.43,medium
0.255,3.81,1.9280000000000002,23.17,92.75,9.64,medium
0.369,2.95,3.3979999999999997,24.08,88.21,16.99,low
0.171,0.64,3.246,23.61,89.23,16.23,high
0.398,0.9,3.776,23.71,87.14,18.88,low
0.326,2.37,4.066,23.37,85.49,20.33,low
0.29,4.75,4.104,23.96,84.9,20.52,medium
0.274,9.7,3.186,23.22,92.01,15.93,medium
0.28,1.91,3.3600000000000003,22.83,90.03,16.8,medium
0.24,0.39,4.286,23.66,86.82,21.43,medium
0.416,10.17,3.692,23.6,89.16,18.46,none
0.244,5.48,3.7039999999999997,23.17,90.54,18.52,medium
0.342,4.39,3.152,22.66,91.42,15.76,low
0.297,3.78,3.246,22.27,91.94,16.23,medium
0.238,2.51,2.396,23.56,88.6,11.98,medium
0.332,11.56,3.174,23.71,90.6,15.87,low
0.288,15.92,2.88,24.17,89.4,14.4,medium
0.419,4.9,3.528,24.14,88.55,17.64,none
0.189,2.26,2.982,23.46,89.42,14.91,high
0.399,18.63,0.554,23.02,95.88,2.77,low
0.247,3.35,3.3979999999999997,23.53,92.04,16.99,medium
0.415,1.62,3.0420000000000003,23.62,88.67,15.21,none
0.409,1.37,2.91,23.41,89.83,14.55,none
0.446,6.05,2.388,23.78,90.36,11.94,none
0.36,2.59,2.202,23.64,90.91,11.01,low
0.305,0.71,3.754,23.93,87.4,18.77,low
0.214,0.67,3.7159999999999997,23.22,85.69,18.58,medium
0.228,6.18,2.022,22.72,91.75,10.11,medium
0.307,11.51,0.924,22.23,94.44,4.62,low
0.153,20.77,1.492,22.99,93.77,7.46,high
0.187,38.88,2.616,23.09,93.49,13.08,high
0.177,15.97,1.9920000000000002,22.95,96.58,9.96,high
0.315,31.08,2.528,23.39,95.18,12.64,low
0.257,4.55,3.184,23.81,90.86,15.92,medium
0.297,9.96,2.366,23.05,95.74,11.83,medium
0.263,8.49,2.674,22.06,94.4,13.37,medium
0.17,7.96,1.7920000000000003,22.34,96.47,8.96,high
0.229,3.46,3.052,23.12,91.97,15.26,medium
0.358,1.97,2.92,23.01,93.79,14.6,low
0.186,3.91,2.882,23.21,91.84,14.41,high
0.18,71.24,0.476,21.18,96.6,2.38,high
0.235,6.7,3.346,23.15,89.07,16.73,medium
0.309,1.56,2.93,23.6,91.07,14.65,low
0.364,4.5,3.772,23.76,88.11,18.86,low
0.423,10.99,3.5159999999999996,23.86,85.79,17.58,none
0.42,8.99,2.834,23.74,89.63,14.17,none
0.388,1.6,3.222,23.67,90.41,16.11,low
0.211,0.04,3.408,22.45,86.54,17.04,medium
0.381,0.03,3.6420000000000003,19.88,84.77,18.21,low
0.358,1.21,3.038,20.81,87.85,15.19,low
0.445,46.74,0.604,22.33,96.26,3.02,none
0.325,35.52,1.42,21.92,94.82,7.1,low
0.243,23.73,0.836,22.63,93.84,4.18,medium
0.351,65.68,0.514,21.7,93.97,2.57,low
0.305,33.18,1.308,20.31,92.39,6.54,low
0.397,10.12,1.3800000000000001,20.99,91.81,6.9,low
0.355,2.05,1.276,21.06,92.53,6.38,low
0.38,2.31,2.134,22.46,89.73,10.67,low
0.184,2.22,2.0460000000000003,22.71,89.17,10.23,high
0.332,0.04,2.084,21.0,85.6,10.42,low
0.382,0.0,2.3280000000000003,20.14,85.88,11.64,low
0.171,0.01,2.2600000000000002,18.19,81.92,11.3,high
0.29,0.57,2.19,17.26,86.65,10.95,medium
0.297,0.3,2.482,20.53,88.12,12.41,medium
0.303,0.4,2.206,23.22,87.17,11.03,low
0.247,2.05,3.2299999999999995,23.65,89.32,16.15,medium
0.375,5.3,2.978,24.05,87.58,14.89,low
0.282,28.07,1.376,22.09,94.75,6.88,medium
0.252,16.23,1.866,21.68,91.19,9.33,medium
0.202,0.23,2.932,21.22,86.49,14.66,medium
0.191,0.15,3.076,19.96,86.01,15.38,high
0.314,0.04,3.614,18.81,86.08,18.07,low
0.234,0.53,1.7120000000000002,19.26,86.87,8.56,medium
0.181,2.53,1.002,20.27,88.51,5.01,high
0.318,8.72,0.742,21.66,93.86,3.71,low
0.398,0.83,3.1260000000000003,22.5,90.15,15.63,low
0.184,0.39,2.984,22.21,87.56,14.92,high
0.229,0.02,2.48,21.29,87.52,12.4,medium
0.186,0.18,2.0460000000000003,21.51,85.53,10.23,high
0.312,0.29,1.9940000000000002,21.5,85.74,9.97,low
0.337,0.3,2.442,21.36,87.12,12.21,low
0.388,1.12,2.41,21.54,87.84,12.05,low
0.445,0.0,2.07,21.53,86.38,10.35,none
0.29,0.0,2.322,21.7,86.97,11.61,medium
0.307,0.09,2.272,21.55,87.07,11.36,low
0.165,1.05,2.576,21.67,88.55,12.88,high
0.181,1.32,2.492,21.89,87.91,12.46,high
0.179,0.08,2.584,22.09,86.1,12.92,high
0.413,0.47,2.382,22.42,87.6,11.91,none
0.397,2.22,1.7879999999999998,21.84,88.8,8.94,low
0.263,0.95,1.7760000000000002,19.68,86.71,8.88,medium
0.431,0.09,2.83,19.65,84.81,14.15,none
0.197,0.0,3.6119999999999997,19.71,85.33,18.06,high
0.222,0.0,3.668,18.74,84.27,18.34,medium
0.275,0.0,3.286,18.53,83.92,16.43,medium
0.294,0.0,4.066,17.92,84.34,20.33,medium
0.29,0.01,3.91,17.41,82.64,19.55,medium
